Date,Hours From Start,Area,MayHavePlant
2023-04-24_1702,0,0,False
2023-04-24_1705,0,0,False
2023-04-24_1713,0,0,False
2023-10-18_1805,4249,17612,False
2023-10-19_0945,4264,14223,False
2023-10-19_0951,4264,14565,False
2023-10-25_1520,4414,0,False
2023-10-25_1525,4414,0,False
2023-10-25_1530,4414,0,False
2023-10-25_1605,4415,0,False
2023-10-25_1705,4416,0,False
2023-10-25_1805,4417,0,False
2023-10-25_1905,4418,0,False
2023-10-25_2005,4419,0,False
2023-10-25_2105,4420,0,False
2023-10-27_1105,4458,0,False
2023-10-27_1205,4459,0,False
2023-10-27_1305,4460,5,False
2023-10-27_1405,4461,5,False
2023-10-27_1505,4462,9,False
2023-10-27_1605,4463,12,False
2023-10-27_1705,4464,10,False
2023-10-27_1805,4465,30,False
2023-10-27_1905,4466,19,False
2023-10-27_2005,4467,17,False
2023-10-27_2105,4468,9,False
2023-10-27_2205,4469,11,False
2023-10-27_2305,4470,2,False
2023-10-28_0005,4471,17,False
2023-10-28_0105,4472,12,False
2023-10-28_0205,4473,3,False
2023-10-28_0305,4474,10,False
2023-10-28_0405,4475,11,False
2023-10-28_0505,4476,1,False
2023-10-28_0605,4477,0,False
2023-10-28_0705,4478,7,False
2023-10-28_0805,4479,4,False
2023-10-28_0905,4480,4,False
2023-10-28_1005,4481,34,False
2023-10-28_1105,4482,35,False
2023-10-28_1205,4483,26,False
2023-10-28_1305,4484,29,False
2023-10-28_1405,4485,26,False
2023-10-28_1505,4486,16,False
2023-10-28_1605,4487,18,False
2023-10-28_1705,4488,11,False
2023-10-28_1805,4489,31,False
2023-10-28_1905,4490,30,False
2023-10-28_2005,4491,25,False
2023-10-28_2105,4492,749,False
2023-10-28_2205,4493,45,False
2023-10-28_2305,4494,29,False
2023-10-29_0005,4495,0,False
2023-10-29_0105,4496,7,False
2023-10-29_0205,4497,7,False
2023-10-29_0305,4498,7,False
2023-10-29_0405,4499,18,False
2023-10-29_0505,4500,6,False
2023-10-29_0605,4501,16,False
2023-10-29_0705,4502,10,False
2023-10-29_0805,4503,7,False
2023-10-29_0905,4504,11,False
2023-10-29_1005,4505,22,False
2023-10-29_1105,4506,0,False
2023-10-29_1205,4507,11,False
2023-10-29_1305,4508,16,False
2023-10-29_1405,4509,11,False
2023-10-29_1505,4510,5,False
2023-10-29_1605,4511,18,False
2023-10-29_1705,4512,31,False
2023-10-29_1805,4513,16,False
2023-10-29_1905,4514,11,False
2023-10-29_2005,4515,7,False
2023-10-29_2105,4516,21,False
2023-10-29_2205,4517,13,False
2023-10-29_2305,4518,8,False
2023-10-30_0005,4519,1,False
2023-10-30_0105,4520,11,False
2023-10-30_0205,4521,12,False
2023-10-30_0305,4522,1,False
2023-10-30_0405,4523,11,False
2023-10-30_0505,4524,11,False
2023-10-30_0605,4525,19,False
2023-10-30_0705,4526,16,False
2023-10-30_0805,4527,16,False
2023-10-30_0905,4528,9,False
2023-10-30_1005,4529,32,False
2023-10-30_1105,4530,11,False
2023-10-30_1120,4530,7,False
2023-10-30_1126,4530,13,False
2023-10-30_1131,4530,8,False
2023-10-30_1136,4530,17,False
2023-10-30_1205,4531,26,False
2023-10-30_1305,4532,277,False
2023-10-30_1405,4533,10,False
2023-10-30_1505,4534,39639,False
2023-10-30_1605,4535,11,False
2023-10-30_1705,4536,19,False
2023-10-30_1805,4537,12,False
2023-10-30_1905,4538,28,False
2023-10-30_2005,4539,7,False
2023-10-30_2105,4540,25,False
2023-10-30_2205,4541,8,False
2023-10-30_2305,4542,21,False
2023-10-31_0005,4543,4,False
2023-10-31_0105,4544,15,False
2023-10-31_0205,4545,3,False
2023-10-31_0305,4546,12,False
2023-10-31_0405,4547,23,False
2023-10-31_0505,4548,160,False
2023-10-31_0605,4549,451,False
2023-10-31_0705,4550,858,False
2023-10-31_0805,4551,1077,False
2023-10-31_0905,4552,1356,False
2023-10-31_1005,4553,1023,False
2023-10-31_1105,4554,658,False
2023-10-31_1205,4555,433,False
2023-10-31_1305,4556,449,False
2023-10-31_1405,4557,326,False
2023-10-31_1505,4558,347,False
2023-10-31_1605,4559,97,False
2023-10-31_1705,4560,24,False
2023-10-31_1805,4561,12709,False
2023-10-31_1905,4562,46,False
2023-10-31_2005,4563,66,False
2023-10-31_2105,4564,33,False
2023-10-31_2205,4565,197,False
2023-10-31_2305,4566,316,False
2023-11-01_0005,4567,97,False
2023-11-01_0105,4568,256,False
2023-11-01_0205,4569,0,False
2023-11-01_0305,4570,246,False
2023-11-01_0405,4571,124,False
2023-11-01_0505,4572,299,False
2023-11-01_0605,4573,0,False
2023-11-01_0705,4574,873,False
2023-11-01_0805,4575,2679,False
2023-11-01_0905,4576,4398,False
2023-11-01_1005,4577,4654,False
2023-11-01_1105,4578,4670,False
2023-11-01_1205,4579,4087,False
2023-11-01_1305,4580,3907,False
2023-11-01_1405,4581,3280,False
2023-11-01_1505,4582,2993,False
2023-11-01_1605,4583,2752,False
2023-11-01_1705,4584,2696,False
2023-11-01_1805,4585,2555,False
2023-11-01_1905,4586,2627,False
2023-11-01_2005,4587,2467,False
2023-11-01_2105,4588,3225,False
2023-11-01_2205,4589,3359,False
2023-11-01_2305,4590,3523,False
2023-11-02_0005,4591,2960,False
2023-11-02_0105,4592,3164,False
2023-11-02_0205,4593,0,False
2023-11-02_0305,4594,3792,False
2023-11-02_0405,4595,5212,False
2023-11-02_0505,4596,6684,False
2023-11-02_0605,4597,8274,False
2023-11-02_0705,4598,9701,False
2023-11-02_0805,4599,5787,False
2023-11-02_0905,4600,6656,False
2023-11-02_1005,4601,39058,False
2023-11-02_1105,4602,11182,False
2023-11-02_1205,4603,12871,False
2023-11-02_1305,4604,14584,False
2023-11-02_1405,4605,14239,False
2023-11-02_1505,4606,14158,False
2023-11-02_1605,4607,21163,False
2023-11-02_1705,4608,10886,False
2023-11-02_1805,4609,11741,False
2023-11-02_1905,4610,8596,False
2023-11-02_2005,4611,10538,False
2023-11-02_2105,4612,10300,False
2023-11-02_2205,4613,25071,False
2023-11-02_2305,4614,10812,False
2023-11-03_0105,4616,6441,False
2023-11-03_0205,4617,7428,False
2023-11-03_0305,4618,7380,False
2023-11-03_0405,4619,8182,False
2023-11-03_0505,4620,8666,False
2023-11-03_0605,4621,0,False
2023-11-03_0705,4622,9340,False
2023-11-03_0805,4623,9726,False
2023-11-03_0905,4624,10793,False
2023-11-03_1005,4625,12556,False
2023-11-03_1105,4626,0,False
2023-11-03_1205,4627,21218,False
2023-11-03_1305,4628,26335,False
2023-11-03_1405,4629,34596,False
2023-11-03_1505,4630,7050,False
2023-11-03_1605,4631,36345,False
2023-11-03_1705,4632,36851,False
2023-11-03_1805,4633,35415,False
2023-11-03_1905,4634,34665,False
2023-11-03_2005,4635,34017,False
2023-11-03_2105,4636,35134,False
2023-11-03_2205,4637,30536,False
2023-11-03_2305,4638,26965,False
2023-11-04_0005,4639,23348,False
2023-11-04_0105,4640,18330,False
2023-11-04_0205,4641,17716,False
2023-11-04_0305,4642,14278,False
2023-11-04_0405,4643,12494,False
2023-11-04_0505,4644,13013,False
2023-11-04_0605,4645,14323,False
2023-11-04_0705,4646,16161,False
2023-11-04_0805,4647,17488,False
2023-11-04_0905,4648,0,False
2023-11-04_1005,4649,22236,False
2023-11-04_1205,4651,34726,False
2023-11-04_1305,4652,39787,False
2023-11-04_1405,4653,43013,False
2023-11-04_1505,4654,45718,False
2023-11-04_1605,4655,48707,False
2023-11-04_1705,4656,51141,False
2023-11-04_1805,4657,50198,False
2023-11-04_1905,4658,51021,False
2023-11-04_2005,4659,51441,False
2023-11-04_2105,4660,50893,False
2023-11-04_2205,4661,49175,False
2023-11-04_2305,4662,44201,False
2023-11-05_0005,4663,39772,False
2023-11-05_0105,4664,34015,False
2023-11-05_0205,4666,30220,False
2023-11-05_0305,4667,29038,False
2023-11-05_0405,4668,29846,False
2023-11-05_0505,4669,32099,False
2023-11-05_0605,4670,33456,False
2023-11-05_0705,4671,38420,False
2023-11-05_0805,4672,40126,False
2023-11-05_0905,4673,41168,False
2023-11-05_1005,4674,49277,False
2023-11-05_1105,4675,52173,False
2023-11-05_1205,4676,56375,False
2023-11-05_1305,4677,58830,False
2023-11-05_1405,4678,60255,False
2023-11-05_1505,4679,63176,False
2023-11-05_1605,4680,63297,False
2023-11-05_1705,4681,62529,False
2023-11-05_1805,4682,64155,False
2023-11-05_1905,4683,63751,False
2023-11-05_2005,4684,61193,False
2023-11-05_2105,4685,61427,False
2023-11-05_2205,4686,50877,False
2023-11-05_2305,4687,54816,False
2023-11-06_0005,4688,47356,False
2023-11-06_0105,4689,40184,False
2023-11-06_0205,4690,43914,False
2023-11-06_0305,4691,46744,False
2023-11-06_0405,4692,52437,False
2023-11-06_0505,4693,57133,False
2023-11-06_0605,4694,58873,False
2023-11-06_0705,4695,64167,False
2023-11-06_0805,4696,67678,False
2023-11-06_0905,4697,71750,False
2023-11-06_1005,4698,73129,False
2023-11-06_1105,4699,73663,False
2023-11-06_1205,4700,76402,False
2023-11-06_1305,4701,74357,False
2023-11-06_1405,4702,77515,False
2023-11-06_1505,4703,80251,False
2023-11-06_1605,4704,80681,False
2023-11-06_1705,4705,80068,False
2023-11-06_1805,4706,80775,False
2023-11-06_1905,4707,80966,False
2023-11-06_2005,4708,80685,False
2023-11-06_2105,4709,77369,False
2023-11-06_2205,4710,89307,False
2023-11-06_2305,4711,80137,False
2023-11-07_0005,4712,77243,False
2023-11-07_0105,4713,72305,False
2023-11-07_0205,4714,82720,False
2023-11-07_0305,4715,93501,False
2023-11-07_0405,4716,0,False
2023-11-07_0505,4717,106850,True
2023-11-07_0605,4718,113824,True
2023-11-07_0705,4719,118562,True
2023-11-07_0805,4720,125427,True
2023-11-07_0905,4721,128098,True
2023-11-07_1005,4722,128018,True
2023-11-07_1105,4723,128311,True
2023-11-07_1205,4724,77424,False
2023-11-13_0803,4864,427432,True
2023-11-13_0805,4864,426183,True
2023-11-13_0810,4864,425380,True
2023-11-13_0818,4864,427176,True
2023-11-13_0834,4864,430206,True
2023-11-13_0841,4864,428270,True
2023-11-13_0846,4864,427529,True
2023-11-13_0851,4864,428626,True
2023-11-13_0905,4865,425179,True
2023-11-13_1005,4866,436268,True
2023-11-13_1105,4867,436928,True
2023-11-13_1205,4868,438104,True
2023-11-13_1305,4869,428526,True
2023-11-13_1405,4870,436530,True
2023-11-13_1505,4871,664,False
2023-11-13_1605,4872,544,False
2023-11-13_1705,4873,632,False
2023-11-13_1805,4874,638,False
2023-11-13_1905,4875,662,False
2023-11-13_2005,4876,523,False
2023-11-13_2105,4877,570,False
2023-11-13_2205,4878,682,False
2023-11-13_2305,4879,576,False
2023-11-14_0005,4880,513,False
2023-11-14_0105,4881,460,False
2023-11-14_0205,4882,460,False
2023-11-14_0305,4883,495,False
2023-11-14_0405,4884,563,False
2023-11-14_0505,4885,568,False
2023-11-14_0605,4886,654,False
2023-11-14_0705,4887,799,False
2023-11-14_0805,4888,1394,False
2023-11-14_0905,4889,2077,False
2023-11-14_1005,4890,3428,False
2023-11-14_1105,4891,3236,False
2023-11-14_1205,4892,4077,False
2023-11-14_1305,4893,58083,False
2023-11-14_1405,4894,3823,False
2023-11-14_1505,4895,3614,False
2023-11-14_1605,4896,2967,False
2023-11-14_1705,4897,4091,False
2023-11-14_1805,4898,2744,False
2023-11-14_1905,4899,3884,False
2023-11-14_2005,4900,4694,False
2023-11-14_2105,4901,3807,False
2023-11-14_2205,4902,3295,False
2023-11-14_2305,4903,1436,False
2023-11-15_0005,4904,491,False
2023-11-15_0105,4905,553,False
2023-11-15_0205,4906,608,False
2023-11-15_0305,4907,686,False
2023-11-15_0405,4908,1228,False
2023-11-15_0505,4909,1733,False
2023-11-15_0605,4910,3115,False
2023-11-15_0705,4911,4829,False
2023-11-15_0805,4912,9292,False
2023-11-15_0905,4913,0,False
2023-11-15_1005,4914,13283,False
2023-11-15_1105,4915,2914,False
2023-11-15_1205,4916,14754,False
2023-11-15_1305,4917,12903,False
2023-11-15_1405,4918,15247,False
2023-11-15_1505,4919,17235,False
2023-11-15_1605,4920,14140,False
2023-11-15_1705,4921,14488,False
2023-11-15_1805,4922,13344,False
2023-11-15_1905,4923,13976,False
2023-11-15_2005,4924,14954,False
2023-11-15_2105,4925,70316,False
2023-11-15_2205,4926,16610,False
2023-11-15_2305,4927,50964,False
2023-11-16_0005,4928,2013,False
2023-11-16_0105,4929,544,False
2023-11-16_0205,4930,521,False
2023-11-16_0305,4931,1331,False
2023-11-16_0405,4932,4584,False
2023-11-16_0505,4933,9330,False
2023-11-16_0605,4934,15250,False
2023-11-16_0705,4935,19660,False
2023-11-16_0805,4936,21452,False
2023-11-16_0905,4937,28035,False
2023-11-16_1005,4938,40042,False
2023-11-16_1105,4939,38584,False
2023-11-16_1205,4940,38410,False
2023-11-16_1305,4941,38916,False
2023-11-16_1405,4942,53601,False
2023-11-16_1505,4943,42223,False
2023-11-16_1605,4944,46560,False
2023-11-16_1705,4945,46857,False
2023-11-16_1805,4946,43957,False
2023-11-16_1905,4947,45415,False
2023-11-16_2005,4948,51194,False
2023-11-16_2105,4949,49701,False
2023-11-16_2205,4950,0,False
2023-11-16_2305,4951,53659,False
2023-11-17_0005,4952,29731,False
2023-11-17_0105,4953,26381,False
2023-11-17_0205,4954,0,False
2023-11-17_0305,4955,42406,False
2023-11-17_0405,4956,53036,False
2023-11-17_0505,4957,0,False
2023-11-17_0605,4958,79212,False
2023-11-17_0705,4959,87477,False
2023-11-17_0805,4960,90287,False
2023-11-17_0905,4961,93164,False
2023-11-17_1005,4962,94561,False
2023-11-17_1105,4963,96398,False
2023-11-17_1205,4964,96632,False
2023-11-17_1305,4965,96906,False
2023-11-17_1405,4966,97041,False
2023-11-17_1505,4967,96551,False
2023-11-17_1605,4968,96315,False
2023-11-17_1705,4969,95778,False
2023-11-17_1805,4970,95200,False
2023-11-17_1905,4971,95350,False
2023-11-17_2005,4972,95572,False
2023-11-17_2105,4973,95340,False
2023-11-17_2205,4974,94938,False
2023-11-17_2305,4975,90726,False
2023-11-18_0005,4976,73713,False
2023-11-18_0105,4977,46438,False
2023-11-18_0205,4978,50106,False
2023-11-18_0305,4979,59528,False
2023-11-18_0405,4980,69917,False
2023-11-18_0505,4981,79478,False
2023-11-18_0605,4982,84704,False
2023-11-18_0705,4983,88873,False
2023-11-18_0805,4984,92881,False
2023-11-18_0905,4985,95647,False
2023-11-18_1005,4986,97338,False
2023-11-18_1105,4987,96512,False
2023-11-18_1205,4988,96458,False
2023-11-18_1305,4989,95645,False
2023-11-18_1405,4990,96903,False
2023-11-18_1505,4991,100018,True
2023-11-18_1605,4992,98821,False
2023-11-18_1705,4993,98129,False
2023-11-18_1805,4994,98134,False
2023-11-18_1905,4995,97203,False
2023-11-18_2005,4996,98290,False
2023-11-18_2105,4997,98947,False
2023-11-18_2205,4998,98978,False
2023-11-18_2305,4999,99129,False
2023-11-19_0005,5000,96261,False
2023-11-19_0105,5001,92696,False
2023-11-19_0205,5002,89812,False
2023-11-19_0305,5003,0,False
2023-11-19_0405,5004,95945,False
2023-11-19_0505,5005,0,False
2023-11-19_0605,5006,0,False
2023-11-19_0705,5007,103379,True
2023-11-19_0805,5008,105118,True
2023-11-19_0905,5009,0,False
2023-11-19_1005,5010,105652,True
2023-11-19_1105,5011,102495,True
2023-11-19_1205,5012,102664,True
2023-11-19_1305,5013,35,False
2023-11-19_1405,5014,103944,True
2023-11-19_1505,5015,103024,True
2023-11-19_1605,5016,104608,True
2023-11-19_1705,5017,104447,True
2023-11-19_1805,5018,102384,True
2023-11-19_1905,5019,104117,True
2023-11-19_2005,5020,102344,True
2023-11-19_2105,5021,103183,True
2023-11-19_2205,5022,103577,True
2023-11-19_2305,5023,104501,True
2023-11-20_0005,5024,99996,False
2023-11-20_0105,5025,100382,True
2023-11-20_0205,5026,101428,True
2023-11-20_0305,5027,102594,True
2023-11-20_0405,5028,102454,True
2023-11-20_0505,5029,103110,True
2023-11-20_0605,5030,0,False
2023-11-20_0705,5031,102240,True
2023-11-20_0805,5032,102302,True
2023-11-20_0905,5033,101286,True
2023-11-20_1005,5034,101947,True
2023-11-20_1105,5035,102301,True
2023-11-20_1205,5036,103399,True
2023-11-20_1305,5037,47567,False
2023-11-20_1405,5038,48156,False
2023-11-20_1505,5039,0,False
2023-11-20_1605,5040,45667,False
2023-11-20_1705,5041,46635,False
2023-11-20_1805,5042,46767,False
2023-11-20_1905,5043,44774,False
2023-11-20_2005,5044,45086,False
2023-11-20_2105,5045,43379,False
2023-11-20_2205,5046,42442,False
2023-11-20_2305,5047,41812,False
2023-11-21_0005,5048,40837,False
2023-11-21_0105,5049,41658,False
2023-11-21_0205,5050,42037,False
2023-11-21_0305,5051,41986,False
2023-11-21_0405,5052,42310,False
2023-11-21_0505,5053,44662,False
2023-11-21_0605,5054,45601,False
2023-11-21_0705,5055,46577,False
2023-11-21_0805,5056,46703,False
2023-11-21_0905,5057,46950,False
2023-11-21_1005,5058,49112,False
2023-11-21_1105,5059,51358,False
2023-11-21_1205,5060,51705,False
2023-11-21_1305,5061,53969,False
2023-11-21_1405,5062,54979,False
2023-11-21_1505,5063,54426,False
2023-11-21_1605,5064,0,False
2023-11-21_1705,5065,55087,False
2023-11-21_1805,5066,55998,False
2023-11-21_1905,5067,55415,False
2023-11-21_2005,5068,0,False
2023-11-21_2105,5069,0,False
2023-11-21_2205,5070,51391,False
2023-11-21_2305,5071,49532,False
2023-11-22_0005,5072,48234,False
2023-11-22_0105,5073,46021,False
2023-11-22_0205,5074,47918,False
2023-11-22_0305,5075,47870,False
2023-11-22_0405,5076,48800,False
2023-11-22_0505,5077,50491,False
2023-11-22_0605,5078,52289,False
2023-11-22_0705,5079,53275,False
2023-11-22_0805,5080,54388,False
2023-11-22_0905,5081,54666,False
2023-11-22_1005,5082,55743,False
2023-11-22_1105,5083,58542,False
2023-11-22_1205,5084,60113,False
2023-11-22_1305,5085,61754,False
2023-11-22_1405,5086,63790,False
2023-11-22_1505,5087,65158,False
2023-11-22_1605,5088,67019,False
2023-11-22_1705,5089,66458,False
2023-11-22_1805,5090,0,False
2023-11-22_1905,5091,65565,False
2023-11-22_2005,5092,66167,False
2023-11-22_2105,5093,63911,False
2023-11-22_2205,5094,61800,False
2023-11-22_2305,5095,59706,False
2023-11-23_0005,5096,56756,False
2023-11-23_0105,5097,54546,False
2023-11-23_0205,5098,56078,False
2023-11-23_0305,5099,55644,False
2023-11-23_0405,5100,55917,False
2023-11-23_0505,5101,56657,False
2023-11-23_0605,5102,57818,False
2023-11-23_0705,5103,59301,False
2023-11-23_0805,5104,63408,False
2023-11-23_0905,5105,69029,False
2023-11-23_1005,5106,70052,False
2023-11-23_1105,5107,72368,False
2023-11-23_1205,5108,69391,False
2023-11-23_1305,5109,69558,False
2023-11-23_1405,5110,70613,False
2023-11-23_1505,5111,70999,False
2023-11-23_1605,5112,69043,False
2023-11-23_1705,5113,72296,False
2023-11-23_1805,5114,70850,False
2023-11-23_1905,5115,73573,False
2023-11-23_2005,5116,72376,False
2023-11-23_2105,5117,67503,False
2023-11-23_2205,5118,66120,False
2023-11-23_2305,5119,64731,False
2023-11-24_0005,5120,63765,False
2023-11-24_0105,5121,0,False
2023-11-24_0205,5122,68141,False
2023-11-24_0305,5123,72779,False
2023-11-24_0405,5124,80581,False
2023-11-24_0505,5125,84484,False
2023-11-24_0605,5126,88866,False
2023-11-24_0705,5127,90165,False
2023-11-24_0805,5128,92548,False
2023-11-24_0905,5129,94553,False
2023-11-24_1005,5130,95853,False
2023-11-24_1105,5131,93900,False
2023-11-24_1205,5132,92001,False
2023-11-24_1305,5133,90991,False
2023-11-24_1405,5134,91022,False
2023-11-24_1505,5135,91130,False
2023-11-24_1605,5136,89501,False
2023-11-24_1705,5137,90076,False
2023-11-24_1805,5138,89517,False
2023-11-24_1905,5139,85043,False
2023-11-24_2005,5140,75831,False
2023-11-24_2105,5141,72083,False
2023-11-24_2205,5142,73455,False
2023-11-24_2305,5143,71868,False
2023-11-25_0005,5144,67434,False
2023-11-25_0105,5145,0,False
2023-11-25_0205,5146,77959,False
2023-11-25_0305,5147,82795,False
2023-11-25_0405,5148,85813,False
2023-11-25_0505,5149,88086,False
2023-11-25_0605,5150,95052,False
2023-11-25_0705,5151,98125,False
2023-11-25_0805,5152,102000,True
2023-11-25_0905,5153,102618,True
2023-11-25_1005,5154,105740,True
2023-11-25_1105,5155,100103,True
2023-11-25_1205,5156,98067,False
2023-11-25_1305,5157,96287,False
2023-11-25_1405,5158,93202,False
2023-11-25_1505,5159,94123,False
2023-11-25_1605,5160,95167,False
2023-11-25_1705,5161,95683,False
2023-11-25_1805,5162,86709,False
2023-11-25_1905,5163,82328,False
2023-11-25_2005,5164,83928,False
2023-11-25_2105,5165,83239,False
2023-11-25_2205,5166,82007,False
2023-11-25_2305,5167,0,False
2023-11-26_0005,5168,76464,False
2023-11-26_0105,5169,76030,False
2023-11-26_0205,5170,77044,False
2023-11-26_0305,5171,81330,False
2023-11-26_0405,5172,89080,False
2023-11-26_0505,5173,94969,False
2023-11-26_0605,5174,96481,False
2023-11-26_0705,5175,0,False
2023-11-26_0805,5176,99920,False
2023-11-26_0905,5177,103502,True
2023-11-26_1005,5178,0,False
2023-11-26_1105,5179,106330,True
2023-11-26_1205,5180,103987,True
2023-11-26_1305,5181,100284,True
2023-11-26_1405,5182,0,False
2023-11-26_1505,5183,98198,False
2023-11-26_1605,5184,98961,False
2023-11-26_1705,5185,99912,False
2023-11-26_1805,5186,98840,False
2023-11-26_1905,5187,99845,False
2023-11-26_2005,5188,97047,False
2023-11-26_2105,5189,97826,False
2023-11-26_2205,5190,99601,False
2023-11-26_2305,5191,100888,True
2023-11-27_0005,5192,93652,False
2023-11-27_0105,5193,97834,False
2023-11-27_0205,5194,101668,True
2023-11-27_0305,5195,105483,True
2023-11-27_0405,5196,107424,True
2023-11-27_0505,5197,113687,True
2023-11-27_0605,5198,115423,True
2023-11-27_0705,5199,117019,True
2023-11-27_0805,5200,121817,True
2023-11-27_0905,5201,118778,True
2023-11-27_1005,5202,128000,True
2023-11-27_1105,5203,127345,True
2023-11-27_1205,5204,125474,True
2023-11-27_1305,5205,126879,True
2023-11-27_1405,5206,122576,True
2023-11-27_1505,5207,119324,True
2023-11-27_1605,5208,124200,True
2023-11-27_1705,5209,127397,True
2023-11-27_1805,5210,124705,True
2023-11-27_1905,5211,127546,True
2023-11-27_2005,5212,128542,True
2023-11-27_2105,5213,128440,True
2023-11-27_2205,5214,129780,True
2023-11-27_2305,5215,130098,True
2023-11-28_0005,5216,123178,True
2023-11-28_0105,5217,128478,True
2023-11-28_0205,5218,134189,True
2023-11-28_0305,5219,137429,True
2023-11-28_0405,5220,141888,True
2023-11-28_0505,5221,148103,True
2023-11-28_0605,5222,147402,True
2023-11-28_0705,5223,149779,True
2023-11-28_0805,5224,153428,True
2023-11-28_0905,5225,161458,True
2023-11-28_1005,5226,23958,False
2023-11-28_1105,5227,78083,False
2023-11-28_1205,5228,79490,False
2023-11-28_1305,5229,75021,False
2023-11-28_1405,5230,78402,False
2023-11-28_1505,5231,79169,False
2023-11-28_1605,5232,77286,False
2023-11-28_1705,5233,0,False
2023-11-28_1805,5234,79085,False
2023-11-28_1905,5235,80645,False
2023-11-28_2005,5236,81644,False
2023-11-28_2105,5237,81443,False
2023-11-28_2205,5238,83552,False
2023-11-28_2305,5239,83762,False
2023-11-29_0005,5240,70677,False
2023-11-29_0105,5241,74393,False
2023-11-29_0205,5242,82784,False
2023-11-29_0305,5243,91425,False
2023-11-29_0405,5244,99951,False
2023-11-29_0505,5245,103676,True
2023-11-29_0605,5246,110467,True
2023-11-29_0705,5247,114313,True
2023-11-29_0805,5248,119774,True
2023-11-29_0905,5249,123048,True
2023-11-29_1005,5250,137305,True
2023-11-29_1105,5251,138164,True
2023-11-29_1205,5252,136714,True
2023-11-29_1305,5253,135962,True
2023-11-29_1405,5254,126282,True
2023-11-29_1505,5255,130183,True
2023-11-29_1605,5256,128635,True
2023-11-29_1705,5257,127431,True
2023-11-29_1805,5258,130433,True
2023-11-29_1905,5259,133048,True
2023-11-29_2005,5260,133135,True
2023-11-29_2105,5261,136355,True
2023-11-29_2205,5262,140727,True
2023-11-29_2305,5263,146569,True
2023-11-30_0005,5264,129702,True
2023-11-30_0105,5265,133563,True
2023-11-30_0205,5266,141599,True
2023-11-30_0305,5267,150844,True
2023-11-30_0405,5268,164844,True
2023-11-30_0505,5269,166819,True
2023-11-30_0605,5270,162405,True
2023-11-30_0705,5271,0,False
2023-11-30_0805,5272,165054,True
2023-11-30_0905,5273,166287,True
2023-11-30_1005,5274,195291,True
2023-11-30_1105,5275,190517,True
2023-11-30_1205,5276,194063,True
2023-11-30_1305,5277,201333,True
2023-11-30_1405,5278,200855,True
2023-11-30_1505,5279,213770,True
2023-11-30_1605,5280,229655,True
2023-11-30_1705,5281,224179,True
2023-11-30_1805,5282,226310,True
2023-11-30_1905,5283,232893,True
2023-11-30_2005,5284,236716,True
2023-11-30_2105,5285,0,False
2023-11-30_2205,5286,237125,True
2023-11-30_2305,5287,218115,True
2023-12-01_0005,5288,191668,True
2023-12-01_0105,5289,206048,True
2023-12-01_0205,5290,230881,True
2023-12-01_0305,5291,230605,True
2023-12-01_0405,5292,238097,True
2023-12-01_0505,5293,240404,True
2023-12-01_0605,5294,249908,True
2023-12-01_0705,5295,235272,True
2023-12-01_0805,5296,236686,True
2023-12-01_0905,5297,246907,True
2023-12-01_1005,5298,254022,True
2023-12-01_1105,5299,281425,True
2023-12-01_1205,5300,270769,True
2023-12-01_1305,5301,273340,True
2023-12-01_1405,5302,273830,True
2023-12-01_1505,5303,278376,True
2023-12-01_1605,5304,272910,True
2023-12-01_1705,5305,277681,True
2023-12-01_1805,5306,266055,True
2023-12-01_1905,5307,272079,True
2023-12-01_2005,5308,262302,True
2023-12-01_2105,5309,263566,True
2023-12-01_2205,5310,267181,True
2023-12-01_2305,5311,258794,True
2023-12-02_0005,5312,244050,True
2023-12-02_0105,5313,257956,True
2023-12-02_0205,5314,264210,True
2023-12-02_0305,5315,275805,True
2023-12-02_0405,5316,283160,True
2023-12-02_0505,5317,290636,True
2023-12-02_0605,5318,293570,True
2023-12-02_0705,5319,297453,True
2023-12-02_0805,5320,301274,True
2023-12-02_0905,5321,303368,True
2023-12-02_1005,5322,307172,True
2023-12-02_1105,5323,319082,True
2023-12-02_1205,5324,318873,True
2023-12-02_1305,5325,322859,True
2023-12-02_1405,5326,0,False
2023-12-02_1505,5327,0,False
2023-12-02_1605,5328,314353,True
2023-12-02_1705,5329,316572,True
2023-12-02_1805,5330,310422,True
2023-12-02_1905,5331,318026,True
2023-12-02_2005,5332,309309,True
2023-12-02_2105,5333,0,False
2023-12-02_2205,5334,313399,True
2023-12-02_2305,5335,318095,True
2023-12-03_0005,5336,302760,True
2023-12-03_0105,5337,311329,True
2023-12-03_0205,5338,311550,True
2023-12-03_0305,5339,0,False
2023-12-03_0405,5340,327784,True
2023-12-03_0505,5341,324417,True
2023-12-03_0605,5342,330760,True
2023-12-03_0705,5343,328136,True
2023-12-03_0805,5344,334479,True
2023-12-03_0905,5345,0,False
2023-12-03_1005,5346,334061,True
2023-12-03_1105,5347,375392,True
2023-12-03_1205,5348,375140,True
2023-12-03_1305,5349,366656,True
2023-12-03_1405,5350,0,False
2023-12-03_1505,5351,375516,True
2023-12-03_1605,5352,375524,True
2023-12-03_1705,5353,378310,True
2023-12-03_1805,5354,376171,True
2023-12-03_1905,5355,369781,True
2023-12-03_2005,5356,366621,True
2023-12-03_2105,5357,0,False
2023-12-03_2205,5358,376344,True
2023-12-03_2305,5359,370732,True
2023-12-04_0005,5360,357238,True
2023-12-04_0105,5361,363071,True
2023-12-04_0205,5362,367188,True
2023-12-04_0305,5363,0,False
2023-12-04_0405,5364,390557,True
2023-12-04_0505,5365,389413,True
2023-12-04_0605,5366,390065,True
2023-12-04_0705,5367,397055,True
2023-12-04_0805,5368,393171,True
2023-12-04_0905,5369,397235,True
2023-12-04_1005,5370,401282,True
2023-12-04_1105,5371,396451,True
2023-12-04_1205,5372,0,False
2023-12-04_1305,5373,390029,True
2023-12-04_1405,5374,392570,True
2023-12-04_1505,5375,384034,True
2023-12-04_1605,5376,381649,True
2023-12-04_1705,5377,376282,True
2023-12-04_1805,5378,373778,True
2023-12-04_1905,5379,377020,True
2023-12-04_2005,5380,373766,True
2023-12-04_2105,5381,371051,True
2023-12-04_2205,5382,367683,True
2023-12-04_2305,5383,360129,True
2023-12-05_0005,5384,351411,True
2023-12-05_0105,5385,362520,True
2023-12-05_0205,5386,369350,True
2023-12-05_0305,5387,382224,True
2023-12-05_0405,5388,392771,True
2023-12-05_0505,5389,397297,True
2023-12-05_0605,5390,402036,True
2023-12-05_0705,5391,412279,True
2023-12-05_0805,5392,417927,True
2023-12-05_0905,5393,415972,True
2023-12-05_1005,5394,420969,True
2023-12-05_1105,5395,417035,True
2023-12-05_1205,5396,414590,True
2023-12-05_1305,5397,421253,True
2023-12-05_1405,5398,0,False
2023-12-05_1505,5399,411601,True
2023-12-05_1605,5400,415695,True
2023-12-05_1705,5401,416988,True
2023-12-05_1805,5402,412084,True
2023-12-05_1905,5403,391291,True
2023-12-05_2005,5404,383414,True
2023-12-05_2105,5405,387450,True
2023-12-05_2205,5406,393138,True
2023-12-05_2305,5407,397431,True
2023-12-06_0005,5408,391522,True
2023-12-06_0105,5409,407769,True
2023-12-06_0205,5410,432954,True
2023-12-06_0305,5411,427472,True
2023-12-06_0405,5412,447509,True
2023-12-06_0505,5413,454462,True
2023-12-06_0605,5414,460174,True
2023-12-06_0705,5415,462952,True
2023-12-06_0805,5416,470318,True
2023-12-06_0905,5417,477347,True
2023-12-06_1005,5418,473660,True
2023-12-06_1105,5419,476735,True
2023-12-06_1205,5420,471287,True
2023-12-06_1305,5421,477800,True
2023-12-06_1405,5422,478311,True
2023-12-06_1505,5423,478887,True
2023-12-06_1605,5424,479581,True
2023-12-06_1705,5425,477719,True
2023-12-06_1805,5426,0,False
2023-12-06_1905,5427,463536,True
2023-12-06_2005,5428,462930,True
2023-12-06_2105,5429,469596,True
2023-12-06_2205,5430,0,False
2023-12-06_2305,5431,464585,True
2023-12-07_0005,5432,453358,True
2023-12-07_0105,5433,460025,True
2023-12-07_0205,5434,480230,True
2023-12-07_0305,5435,481615,True
2023-12-07_0405,5436,492181,True
2023-12-07_0505,5437,494216,True
2023-12-07_0605,5438,499112,True
2023-12-07_0705,5439,508675,True
2023-12-07_0805,5440,0,False
2023-12-07_0905,5441,524725,True
2023-12-07_1005,5442,527725,True
2023-12-07_1105,5443,521188,True
2023-12-07_1205,5444,525752,True
2023-12-07_1305,5445,520090,True
2023-12-07_1405,5446,534123,True
2023-12-07_1505,5447,521173,True
2023-12-07_1605,5448,535977,True
2023-12-07_1705,5449,535224,True
2023-12-07_1805,5450,0,False
2023-12-07_1905,5451,531908,True
2023-12-07_2005,5452,530061,True
2023-12-07_2105,5453,0,False
2023-12-07_2205,5454,518851,True
2023-12-07_2305,5455,523112,True
2023-12-08_0005,5456,500969,True
2023-12-08_0105,5457,523249,True
2023-12-08_0205,5458,524029,True
2023-12-08_0305,5459,533042,True
2023-12-08_0405,5460,539171,True
2023-12-08_0505,5461,551942,True
2023-12-08_0605,5462,564145,True
2023-12-08_0705,5463,0,False
2023-12-08_0805,5464,577725,True
2023-12-08_0905,5465,590306,True
2023-12-08_1005,5466,593104,True
2023-12-08_1105,5467,595098,True
2023-12-08_1205,5468,598058,True
2023-12-08_1305,5469,599851,True
2023-12-08_1405,5470,606690,True
2023-12-08_1505,5471,609672,True
2023-12-08_1605,5472,618942,True
2023-12-08_1705,5473,617690,True
2023-12-08_1805,5474,620066,True
2023-12-08_1905,5475,612580,True
2023-12-08_2005,5476,608240,True
2023-12-08_2105,5477,604779,True
2023-12-08_2205,5478,598167,True
2023-12-08_2305,5479,590783,True
2023-12-09_0005,5480,556870,True
2023-12-09_0105,5481,583394,True
2023-12-09_0205,5482,589982,True
2023-12-09_0305,5483,597621,True
2023-12-09_0405,5484,598896,True
2023-12-09_0505,5485,0,False
2023-12-09_0605,5486,611633,True
2023-12-09_0705,5487,623356,True
2023-12-09_0805,5488,634032,True
2023-12-09_0905,5489,634141,True
2023-12-09_1005,5490,627624,True
2023-12-09_1105,5491,645077,True
2023-12-09_1205,5492,651893,True
2023-12-09_1305,5493,655204,True
2023-12-09_1405,5494,657977,True
2023-12-09_1505,5495,654188,True
2023-12-09_1605,5496,660012,True
2023-12-09_1705,5497,667741,True
2023-12-09_1805,5498,666893,True
2023-12-09_1905,5499,661492,True
2023-12-09_2005,5500,667094,True
2023-12-09_2105,5501,660450,True
2023-12-09_2205,5502,653336,True
2023-12-09_2305,5503,632287,True
2023-12-10_0005,5504,632208,True
2023-12-10_0105,5505,650016,True
2023-12-10_0205,5506,660048,True
2023-12-10_0305,5507,668282,True
2023-12-10_0405,5508,677263,True
2023-12-10_0505,5509,695394,True
2023-12-10_0605,5510,721473,True
2023-12-10_0705,5511,0,False
2023-12-10_0805,5512,717755,True
2023-12-10_0905,5513,719145,True
2023-12-10_1005,5514,720646,True
2023-12-10_1105,5515,732152,True
2023-12-10_1205,5516,719377,True
2023-12-10_1305,5517,730357,True
2023-12-10_1405,5518,732838,True
2023-12-10_1505,5519,723042,True
2023-12-10_1605,5520,732036,True
2023-12-10_1705,5521,724754,True
2023-12-10_1805,5522,734664,True
2023-12-10_1905,5523,721746,True
2023-12-10_2005,5524,728915,True
2023-12-10_2105,5525,741050,True
2023-12-10_2205,5526,738222,True
2023-12-10_2305,5527,0,False
2023-12-11_0005,5528,722790,True
2023-12-11_0105,5529,723953,True
2023-12-11_0205,5530,736269,True
2023-12-11_0305,5531,730123,True
2023-12-11_0405,5532,721349,True
2023-12-11_0505,5533,706430,True
2023-12-11_0605,5534,689794,True
2023-12-11_0705,5535,673650,True
2023-12-11_0805,5536,662108,True
2023-12-11_0905,5537,661734,True
2023-12-11_1005,5538,658193,True
2023-12-11_1105,5539,659696,True
2023-12-11_1205,5540,659074,True
2023-12-11_1305,5541,659586,True
2023-12-11_1405,5542,654519,True
2023-12-11_1505,5543,652955,True
2023-12-11_1605,5544,649419,True
2023-12-11_1705,5545,646488,True
2023-12-11_1805,5546,644714,True
2023-12-11_1905,5547,0,False
2023-12-11_2005,5548,639046,True
2023-12-11_2105,5549,636233,True
2023-12-11_2205,5550,638370,True
2023-12-11_2305,5551,636008,True
2023-12-12_0005,5552,636817,True
2023-12-12_0105,5553,589346,True
2023-12-12_0205,5554,571393,True
2023-12-12_0305,5555,557134,True
2023-12-12_0405,5556,537378,True
2023-12-12_0505,5557,518907,True
2023-12-12_0605,5558,502839,True
2023-12-12_0705,5559,478310,True
2023-12-12_0805,5560,461178,True
2023-12-12_0905,5561,0,False
2023-12-12_1005,5562,425674,True
2023-12-12_1105,5563,429678,True
2023-12-12_1205,5564,423345,True
2023-12-12_1305,5565,416830,True
2023-12-12_1405,5566,416909,True
2023-12-12_1505,5567,409424,True
2023-12-12_1605,5568,403996,True
2023-12-12_1705,5569,398323,True
2023-12-12_1805,5570,393871,True
2023-12-12_1905,5571,393548,True
2023-12-12_2005,5572,391636,True
2023-12-12_2105,5573,386811,True
2023-12-12_2205,5574,383876,True
2023-12-12_2305,5575,378737,True
2023-12-13_0005,5576,377006,True
2023-12-13_0105,5577,354287,True
2023-12-13_0205,5578,334556,True
2023-12-13_0305,5579,323012,True
2023-12-13_0405,5580,315947,True
2023-12-13_0505,5581,306702,True
2023-12-13_0605,5582,295231,True
2023-12-13_0705,5583,0,False
2023-12-13_0805,5584,0,False
2023-12-13_0905,5585,273907,True
2023-12-13_1005,5586,271833,True
2023-12-13_1105,5587,265306,True
2023-12-13_1205,5588,267280,True
2023-12-13_1305,5589,265609,True
2023-12-13_1405,5590,266277,True
2023-12-13_1505,5591,264864,True
2023-12-13_1605,5592,261198,True
2023-12-13_1705,5593,258620,True
2023-12-13_1805,5594,255565,True
2023-12-13_1905,5595,253394,True
2023-12-13_2005,5596,249269,True
2023-12-13_2105,5597,248606,True
2023-12-13_2205,5598,244044,True
2023-12-13_2305,5599,244170,True
2023-12-14_0005,5600,238047,True
2023-12-14_0105,5601,228535,True
2023-12-14_0205,5602,222957,True
2023-12-14_0305,5603,216143,True
2023-12-14_0405,5604,202673,True
2023-12-14_0505,5605,201230,True
2023-12-14_0605,5606,196004,True
2023-12-14_0705,5607,187383,True
2023-12-14_0805,5608,183012,True
2023-12-14_0905,5609,176121,True
2023-12-14_1005,5610,172914,True
2023-12-14_1105,5611,176609,True
2023-12-14_1205,5612,177384,True
2023-12-14_1305,5613,173562,True
2023-12-14_1405,5614,169908,True
2023-12-14_1505,5615,170441,True
2023-12-14_1605,5616,168138,True
2023-12-14_1705,5617,167565,True
2023-12-14_1805,5618,168018,True
2023-12-14_1905,5619,166489,True
2023-12-14_2005,5620,163547,True
2023-12-14_2105,5621,164444,True
2023-12-14_2205,5622,159740,True
2023-12-14_2305,5623,159057,True
2023-12-15_0005,5624,149524,True
2023-12-15_0105,5625,135463,True
2023-12-15_0205,5626,124788,True
2023-12-15_0305,5627,117969,True
2023-12-15_0405,5628,111157,True
2023-12-15_0505,5629,106955,True
2023-12-15_0605,5630,103040,True
2023-12-15_0705,5631,97259,False
2023-12-15_0805,5632,95172,False
2023-12-15_0905,5633,85722,False
2023-12-15_1005,5634,91076,False
2023-12-15_1105,5635,95629,False
2023-12-15_1205,5636,91124,False
2023-12-15_1305,5637,93073,False
2023-12-15_1405,5638,90536,False
2023-12-15_1505,5639,91773,False
2023-12-15_1605,5640,90883,False
2023-12-15_1705,5641,88394,False
2023-12-15_1805,5642,87956,False
2023-12-15_1905,5643,86916,False
2023-12-15_2005,5644,85139,False
2023-12-15_2105,5645,83851,False
2023-12-15_2205,5646,83158,False
2023-12-15_2305,5647,0,False
2023-12-16_0005,5648,78877,False
2023-12-16_0105,5649,63337,False
2023-12-16_0205,5650,59136,False
2023-12-16_0305,5651,54701,False
2023-12-16_0405,5652,52753,False
2023-12-16_0505,5653,48071,False
2023-12-16_0605,5654,45733,False
2023-12-16_0705,5655,0,False
2023-12-16_0805,5656,42218,False
2023-12-16_0905,5657,41246,False
2023-12-16_1005,5658,40533,False
2023-12-16_1105,5659,39356,False
2023-12-16_1205,5660,39487,False
2023-12-16_1305,5661,39576,False
2023-12-16_1405,5662,36927,False
2023-12-16_1505,5663,37609,False
2023-12-16_1605,5664,35250,False
2023-12-16_1705,5665,35027,False
2023-12-16_1805,5666,0,False
2023-12-16_1905,5667,38626,False
2023-12-16_2005,5668,0,False
2023-12-16_2105,5669,36434,False
2023-12-16_2205,5670,33360,False
2023-12-16_2305,5671,32937,False
2023-12-17_0005,5672,31176,False
2023-12-17_0105,5673,28432,False
2023-12-17_0205,5674,24589,False
2023-12-17_0305,5675,0,False
2023-12-17_0405,5676,20853,False
2023-12-17_0505,5677,19988,False
2023-12-17_0605,5678,18760,False
2023-12-17_0705,5679,15738,False
2023-12-17_0805,5680,12892,False
2023-12-17_0905,5681,0,False
2023-12-17_1005,5682,11698,False
2023-12-17_1105,5683,787,False
2023-12-17_1205,5684,13386,False
2023-12-17_1305,5685,11217,False
2023-12-17_1405,5686,12299,False
2023-12-17_1505,5687,11981,False
2023-12-17_1605,5688,12385,False
2023-12-17_1705,5689,11965,False
2023-12-17_1805,5690,11845,False
2023-12-17_1905,5691,11575,False
2023-12-17_2005,5692,11672,False
2023-12-17_2105,5693,11769,False
2023-12-17_2205,5694,12890,False
2023-12-17_2305,5695,12152,False
2023-12-18_0005,5696,10664,False
2023-12-18_0105,5697,9811,False
2023-12-18_0205,5698,8296,False
2023-12-18_0305,5699,6761,False
2023-12-18_0405,5700,5828,False
2023-12-18_0505,5701,5648,False
2023-12-18_0605,5702,4941,False
2023-12-18_0705,5703,4539,False
2023-12-18_0805,5704,4321,False
2023-12-18_0905,5705,0,False
2023-12-18_1005,5706,3676,False
2023-12-18_1105,5707,4039,False
2023-12-18_1205,5708,4001,False
2023-12-18_1305,5709,4134,False
2023-12-18_1405,5710,4469,False
2023-12-18_1505,5711,4381,False
2023-12-18_1605,5712,0,False
2023-12-18_1705,5713,4183,False
2023-12-18_1805,5714,4589,False
2023-12-18_1905,5715,4398,False
2023-12-18_2005,5716,3951,False
2023-12-18_2105,5717,4616,False
2023-12-18_2205,5718,4637,False
2023-12-18_2305,5719,4264,False
2023-12-19_0005,5720,4238,False
2023-12-19_0105,5721,3731,False
2023-12-19_0205,5722,3536,False
2023-12-19_0305,5723,3487,False
2023-12-19_0405,5724,3131,False
2023-12-19_0505,5725,3007,False
2023-12-19_0605,5726,2749,False
2023-12-19_0705,5727,2977,False
2023-12-19_0805,5728,2555,False
2023-12-19_0905,5729,2716,False
2023-12-19_1005,5730,2459,False
2023-12-19_1105,5731,18,False
2023-12-19_1205,5732,2523,False
2023-12-19_1305,5733,22,False
2023-12-19_1405,5734,2756,False
2023-12-19_1505,5735,2448,False
2023-12-19_1605,5736,2494,False
2023-12-19_1705,5737,0,False
2023-12-19_1805,5738,2814,False
2023-12-19_1905,5739,2508,False
2023-12-19_2005,5740,2492,False
2023-12-19_2105,5741,2669,False
2023-12-19_2205,5742,2572,False
2023-12-19_2305,5743,2380,False
2023-12-20_0005,5744,0,False
2023-12-20_0105,5745,2317,False
2023-12-20_0205,5746,2149,False
2023-12-20_0305,5747,2275,False
2023-12-20_0405,5748,1926,False
2023-12-20_0505,5749,0,False
2023-12-20_0605,5750,1921,False
2023-12-20_0705,5751,1772,False
2023-12-20_0805,5752,1754,False
2023-12-20_0905,5753,1732,False
2023-12-20_1005,5754,0,False
2023-12-20_1105,5755,1650,False
2023-12-20_1205,5756,1675,False
2023-12-20_1305,5757,1871,False
2023-12-20_1405,5758,1862,False
2023-12-20_1505,5759,1635,False
2023-12-20_1605,5760,1777,False
2023-12-20_1705,5761,1726,False
2023-12-20_1805,5762,1974,False
2023-12-20_1905,5763,1912,False
2023-12-20_2005,5764,1734,False
2023-12-20_2105,5765,1906,False
2023-12-20_2205,5766,1492,False
2023-12-20_2305,5767,1923,False
2023-12-21_0005,5768,2007,False
2023-12-21_0105,5769,1954,False
2023-12-21_0205,5770,1964,False
2023-12-21_0305,5771,1613,False
2023-12-21_0405,5772,1573,False
2023-12-21_0505,5773,1569,False
2023-12-21_0605,5774,1496,False
2023-12-21_0705,5775,1342,False
2023-12-21_0805,5776,1503,False
2023-12-21_0905,5777,1410,False
2023-12-21_1005,5778,1603,False
2023-12-21_1105,5779,1369,False
2023-12-21_1205,5780,1543,False
2023-12-21_1305,5781,1497,False
2023-12-21_1405,5782,1330,False
2023-12-21_1505,5783,1516,False
2023-12-21_1605,5784,1249,False
2023-12-21_1705,5785,0,False
2023-12-21_1805,5786,1371,False
2023-12-21_1905,5787,1549,False
2023-12-21_2005,5788,1354,False
2023-12-21_2105,5789,1392,False
2023-12-21_2205,5790,1220,False
2023-12-21_2305,5791,1264,False
2023-12-22_0005,5792,1461,False
2023-12-22_0105,5793,1347,False
2023-12-22_0205,5794,1529,False
2023-12-22_0305,5795,1367,False
2023-12-22_0405,5796,1406,False
2023-12-22_0505,5797,1242,False
2023-12-22_0605,5798,1238,False
2023-12-22_0705,5799,1169,False
2023-12-22_0805,5800,1373,False
2023-12-22_0905,5801,1254,False
2023-12-22_1005,5802,1297,False
2023-12-22_1105,5803,1106,False
2023-12-22_1205,5804,1102,False
2023-12-22_1305,5805,944,False
2023-12-22_1405,5806,982,False
2023-12-22_1505,5807,1241,False
2023-12-22_1605,5808,1164,False
2023-12-22_1705,5809,1273,False
2023-12-22_1805,5810,1236,False
2023-12-22_1905,5811,1097,False
2023-12-22_2005,5812,1200,False
2023-12-22_2105,5813,1216,False
2023-12-22_2205,5814,0,False
2023-12-22_2305,5815,0,False
2023-12-23_0005,5816,865,False
2023-12-23_0105,5817,1197,False
2023-12-23_0205,5818,1089,False
2023-12-23_0305,5819,1184,False
2023-12-23_0405,5820,1112,False
2023-12-23_0505,5821,1058,False
2023-12-23_0605,5822,1197,False
2023-12-23_0705,5823,1047,False
2023-12-23_0805,5824,997,False
2023-12-23_0905,5825,1072,False
2023-12-23_1005,5826,926,False
2023-12-23_1105,5827,769,False
2023-12-23_1205,5828,900,False
2023-12-23_1305,5829,831,False
2023-12-23_1405,5830,810,False
2023-12-23_1505,5831,795,False
2023-12-23_1605,5832,830,False
2023-12-23_1705,5833,952,False
2023-12-23_1805,5834,795,False
2023-12-23_1905,5835,0,False
2023-12-23_2005,5836,896,False
2023-12-23_2105,5837,880,False
2023-12-23_2205,5838,835,False
2023-12-23_2305,5839,905,False
2023-12-24_0005,5840,824,False
2023-12-24_0105,5841,0,False
2023-12-24_0205,5842,959,False
2023-12-24_0305,5843,770,False
2023-12-24_0405,5844,725,False
2023-12-24_0505,5845,878,False
2023-12-24_0605,5846,852,False
2023-12-24_0705,5847,608,False
2023-12-24_0805,5848,917,False
2023-12-24_0905,5849,677,False
2023-12-24_1005,5850,800,False
2023-12-24_1105,5851,680,False
2023-12-24_1205,5852,803,False
2023-12-24_1305,5853,705,False
2023-12-24_1405,5854,672,False
2023-12-24_1505,5855,716,False
2023-12-24_1605,5856,595,False
2023-12-24_1705,5857,586,False
2023-12-24_1805,5858,686,False
2023-12-24_1905,5859,603,False
2023-12-24_2005,5860,656,False
2023-12-24_2105,5861,818,False
2023-12-24_2205,5862,714,False
2023-12-24_2305,5863,767,False
2023-12-25_0005,5864,795,False
2023-12-25_0105,5865,652,False
2023-12-25_0205,5866,761,False
2023-12-25_0305,5867,732,False
2023-12-25_0405,5868,634,False
2023-12-25_0505,5869,659,False
2023-12-25_0605,5870,603,False
2023-12-25_0705,5871,553,False
2023-12-25_0805,5872,609,False
2023-12-25_0905,5873,0,False
2023-12-25_1005,5874,443,False
2023-12-25_1105,5875,607,False
2023-12-25_1205,5876,675,False
2023-12-25_1305,5877,544,False
2023-12-25_1405,5878,640,False
2023-12-25_1505,5879,0,False
2023-12-25_1605,5880,493,False
2023-12-25_1705,5881,854,False
2023-12-25_1805,5882,651,False
2023-12-25_1905,5883,583,False
2023-12-25_2005,5884,656,False
2023-12-25_2105,5885,793,False
2024-02-02_1105,6811,8,False
2024-02-02_1205,6812,11,False
2024-02-02_1305,6813,14,False
2024-02-02_1405,6814,11,False
2024-02-02_1505,6815,10,False
2024-02-02_1605,6816,17,False
2024-02-02_1705,6817,23,False
2024-02-02_1805,6818,11,False
2024-02-02_1905,6819,15,False
2024-02-02_2005,6820,3,False
2024-02-02_2105,6821,0,False
2024-02-02_2205,6822,13,False
2024-02-02_2305,6823,16,False
2024-02-03_0005,6824,5,False
2024-02-03_0105,6825,5,False
2024-02-03_0205,6826,0,False
2024-02-03_0305,6827,8,False
2024-02-03_0405,6828,7,False
2024-02-03_0505,6829,7,False
2024-02-03_0605,6830,0,False
2024-02-03_0705,6831,0,False
2024-02-03_0805,6832,11,False
2024-02-03_0905,6833,10,False
2024-02-03_1005,6834,5,False
2024-02-03_1105,6835,18,False
2024-02-03_1205,6836,14,False
2024-02-03_1305,6837,8,False
2024-02-03_1405,6838,10,False
2024-02-03_1505,6839,4,False
2024-02-03_1605,6840,4,False
2024-02-03_1705,6841,10,False
2024-02-03_1805,6842,15,False
2024-02-03_1905,6843,0,False
2024-02-03_2005,6844,19,False
2024-02-03_2105,6845,22,False
2024-02-03_2205,6846,19,False
2024-02-03_2305,6847,10,False
2024-02-04_0005,6848,19,False
2024-02-04_0105,6849,3,False
2024-02-04_0205,6850,0,False
2024-02-04_0305,6851,9,False
2024-02-04_0405,6852,12,False
2024-02-04_0505,6853,19,False
2024-02-04_0605,6854,0,False
2024-02-04_0705,6855,14,False
2024-02-04_0805,6856,11,False
2024-02-04_0905,6857,3,False
2024-02-04_1005,6858,4,False
2024-02-04_1105,6859,9,False
2024-02-04_1205,6860,6,False
2024-02-04_1305,6861,8,False
2024-02-04_1405,6862,7,False
2024-02-04_1505,6863,0,False
2024-02-04_1605,6864,6,False
2024-02-04_1705,6865,10,False
2024-02-04_1805,6866,20,False
2024-02-04_1905,6867,19,False
2024-02-04_2005,6868,2,False
2024-02-04_2105,6869,11,False
2024-02-04_2205,6870,11,False
2024-02-04_2305,6871,17,False
2024-02-05_0005,6872,21,False
2024-02-05_0105,6873,0,False
2024-02-05_0205,6874,2,False
2024-02-05_0305,6875,17,False
2024-02-05_0405,6876,27,False
2024-02-05_0505,6877,20,False
2024-02-05_0605,6878,8,False
2024-02-05_0705,6879,18,False
2024-02-05_0805,6880,20,False
2024-02-05_0905,6881,10,False
2024-02-05_1005,6882,17,False
2024-02-05_1105,6883,13,False
2024-02-05_1205,6884,0,False
2024-02-05_1305,6885,470,False
2024-02-05_1405,6886,4977,False
2024-02-05_1505,6887,5389,False
2024-02-05_1605,6888,0,False
2024-02-05_1705,6889,5877,False
2024-02-05_1805,6890,4900,False
2024-02-05_1905,6891,4603,False
2024-02-05_2005,6892,4143,False
2024-02-05_2105,6893,4492,False
2024-02-05_2205,6894,4285,False
2024-02-05_2305,6895,4639,False
2024-02-06_0005,6896,2179,False
2024-02-06_0105,6897,688,False
2024-02-06_0205,6898,594,False
2024-02-06_0305,6899,348,False
2024-02-06_0405,6900,443,False
2024-02-06_0505,6901,245,False
2024-02-06_0605,6902,235,False
2024-02-06_0705,6903,130,False
2024-02-06_0805,6904,139,False
2024-02-06_0905,6905,233,False
2024-02-06_1005,6906,1217,False
2024-02-06_1105,6907,1216,False
2024-02-06_1205,6908,1624,False
2024-02-06_1305,6909,2333,False
2024-02-06_1405,6910,2441,False
2024-02-06_1505,6911,3011,False
2024-02-06_1605,6912,2010,False
2024-02-06_1705,6913,1661,False
2024-02-06_1805,6914,2199,False
2024-02-06_1905,6915,1983,False
2024-02-06_2005,6916,2121,False
2024-02-06_2105,6917,2190,False
2024-02-06_2205,6918,2227,False
2024-02-06_2305,6919,2114,False
2024-02-07_0005,6920,0,False
2024-02-07_0105,6921,199,False
2024-02-07_0205,6922,0,False
2024-02-07_0305,6923,640,False
2024-02-07_0405,6924,319,False
2024-02-07_0505,6925,95,False
2024-02-07_0605,6926,250,False
2024-02-07_0705,6927,119,False
2024-02-07_0805,6928,246,False
2024-02-07_0905,6929,99,False
2024-02-07_1005,6930,767,False
2024-02-07_1105,6931,541,False
2024-02-07_1205,6932,11,False
2024-02-07_1305,6933,749,False
2024-02-07_1405,6934,1305,False
2024-02-07_1505,6935,656,False
2024-02-07_1605,6936,0,False
2024-02-07_1705,6937,1678,False
2024-02-07_1805,6938,1752,False
2024-02-07_1905,6939,1122,False
2024-02-07_2005,6940,1566,False
2024-02-07_2105,6941,1180,False
2024-02-07_2205,6942,1145,False
2024-02-07_2305,6943,0,False
2024-02-08_0005,6944,605,False
2024-02-08_0105,6945,285,False
2024-02-08_0205,6946,242,False
2024-02-08_0305,6947,251,False
2024-02-08_0405,6948,108,False
2024-02-08_0505,6949,139,False
2024-02-08_0605,6950,84,False
2024-02-08_0705,6951,742,False
2024-02-08_0805,6952,120,False
2024-02-08_0905,6953,11,False
2024-02-08_1005,6954,16,False
2024-02-08_1105,6955,3,False
2024-02-08_1205,6956,13,False
2024-02-08_1305,6957,17,False
2024-02-08_1405,6958,21,False
2024-02-08_1505,6959,11,False
2024-02-08_1605,6960,36,False
2024-02-08_1705,6961,37,False
2024-02-08_1805,6962,10,False
2024-02-08_1905,6963,88,False
2024-02-08_2005,6964,9,False
2024-02-08_2105,6965,40,False
2024-02-08_2205,6966,54,False
2024-02-08_2305,6967,0,False
2024-02-09_0005,6968,1,False
2024-02-09_0105,6969,17,False
2024-02-09_0205,6970,0,False
2024-02-09_0305,6971,1,False
2024-02-09_0405,6972,9,False
2024-02-09_0505,6973,6,False
2024-02-09_0605,6974,3,False
2024-02-09_0705,6975,6,False
2024-02-09_0805,6976,0,False
2024-02-09_0905,6977,5,False
2024-02-09_1005,6978,0,False
2024-02-09_1105,6979,45,False
2024-02-09_1205,6980,28,False
2024-02-09_1305,6981,5,False
2024-02-09_1405,6982,6,False
2024-02-09_1505,6983,14,False
2024-02-09_1605,6984,29,False
2024-02-09_1705,6985,9,False
2024-02-09_1805,6986,13,False
2024-02-09_1905,6987,22,False
2024-02-09_2005,6988,22,False
2024-02-09_2105,6989,0,False
2024-02-09_2205,6990,40,False
2024-02-09_2305,6991,0,False
2024-02-10_0005,6992,0,False
2024-02-10_0105,6993,0,False
2024-02-10_0205,6994,6,False
2024-02-10_0305,6995,1,False
2024-02-10_0405,6996,0,False
2024-02-10_0505,6997,4,False
2024-02-10_0605,6998,1,False
2024-02-10_0705,6999,9,False
2024-02-10_0805,7000,5,False
2024-02-10_0905,7001,3,False
2024-02-10_1005,7002,16,False
2024-02-10_1105,7003,0,False
2024-02-10_1205,7004,25,False
2024-02-10_1305,7005,0,False
2024-02-10_1405,7006,12,False
2024-02-10_1505,7007,0,False
2024-02-10_1605,7008,0,False
2024-02-10_1705,7009,46,False
2024-02-10_1805,7010,20,False
2024-02-10_1905,7011,69,False
2024-02-10_2005,7012,53,False
2024-02-10_2105,7013,40,False
2024-02-10_2205,7014,41,False
2024-02-10_2305,7015,62,False
2024-02-11_0005,7016,4,False
2024-02-11_0105,7017,6,False
2024-02-11_0205,7018,5,False
2024-02-11_0305,7019,0,False
2024-02-11_0405,7020,2,False
2024-02-11_0505,7021,2,False
2024-02-11_0605,7022,0,False
2024-02-11_0705,7023,0,False
2024-02-11_0805,7024,3,False
2024-02-11_0905,7025,9,False
2024-02-11_1005,7026,12,False
2024-02-11_1105,7027,51,False
2024-02-11_1205,7028,65,False
2024-02-11_1305,7029,62,False
2024-02-11_1405,7030,42,False
2024-02-11_1505,7031,18,False
2024-02-11_1605,7032,8,False
2024-02-11_1705,7033,9,False
2024-02-11_1805,7034,16,False
2024-02-11_1905,7035,6,False
2024-02-11_2005,7036,0,False
2024-02-11_2105,7037,12,False
2024-02-11_2205,7038,25,False
2024-02-11_2305,7039,25,False
2024-02-12_0005,7040,2,False
2024-02-12_0105,7041,1,False
2024-02-12_0205,7042,8,False
2024-02-12_0305,7043,5,False
2024-02-12_0405,7044,3,False
2024-02-12_0505,7045,7,False
2024-02-12_0605,7046,16,False
2024-02-12_0705,7047,19,False
2024-02-12_0805,7048,13,False
2024-02-12_0905,7049,29,False
2024-02-12_1005,7050,18,False
2024-02-12_1105,7051,7,False
2024-02-12_1205,7052,25,False
2024-02-12_1305,7053,22,False
2024-02-12_1405,7054,29,False
2024-02-12_1505,7055,6,False
2024-02-12_1605,7056,27,False
2024-02-12_1705,7057,38,False
2024-02-12_1805,7058,56,False
2024-02-12_1905,7059,39,False
2024-02-12_2005,7060,0,False
2024-02-12_2105,7061,96,False
2024-02-12_2205,7062,0,False
2024-02-12_2305,7063,63,False
2024-02-13_0005,7064,19,False
2024-02-13_0105,7065,26,False
2024-02-13_0205,7066,104,False
2024-02-13_0305,7067,133,False
2024-02-13_0405,7068,136,False
2024-02-13_0505,7069,0,False
2024-02-13_0605,7070,269,False
2024-02-13_0705,7071,267,False
2024-02-13_0805,7072,297,False
2024-02-13_0905,7073,484,False
2024-02-13_1005,7074,992,False
2024-02-13_1105,7075,565,False
2024-02-13_1205,7076,411,False
2024-02-13_1305,7077,11,False
2024-02-13_1405,7078,4,False
2024-02-13_1505,7079,13,False
2024-02-13_1605,7080,2,False
2024-02-13_1705,7081,8,False
2024-02-13_1805,7082,2,False
2024-02-13_1905,7083,11,False
2024-02-13_2005,7084,2,False
2024-02-13_2105,7085,20,False
2024-02-13_2205,7086,32,False
2024-02-13_2305,7087,5,False
2024-02-14_0005,7088,28,False
2024-02-14_0105,7089,19,False
2024-02-14_0205,7090,0,False
2024-02-14_0305,7091,10,False
2024-02-14_0405,7092,11,False
2024-02-14_0505,7093,1,False
2024-02-14_0605,7094,4,False
2024-02-14_0705,7095,5,False
2024-02-14_0805,7096,0,False
2024-02-22_2005,7300,1,False
2024-02-22_2105,7301,0,False
2024-02-22_2205,7302,0,False
2024-02-22_2305,7303,3,False
2024-02-23_0005,7304,0,False
2024-02-23_0105,7305,0,False
2024-02-23_0205,7306,0,False
2024-02-23_0305,7307,0,False
2024-02-23_0405,7308,1,False
2024-02-23_0505,7309,3,False
2024-02-23_0605,7310,0,False
2024-02-23_0705,7311,1,False
2024-02-23_0805,7312,0,False
2024-02-23_0905,7313,0,False
2024-02-23_1005,7314,8,False
2024-02-23_1105,7315,2,False
2024-02-23_1205,7316,0,False
2024-02-23_1305,7317,23,False
2024-02-23_1405,7318,3,False
2024-02-23_1505,7319,1,False
2024-02-23_1605,7320,19,False
2024-02-23_1705,7321,2,False
2024-02-23_1805,7322,4,False
2024-02-23_1905,7323,4,False
2024-02-23_2005,7324,4,False
2024-02-23_2105,7325,3,False
2024-02-23_2205,7326,0,False
2024-02-23_2305,7327,1,False
2024-02-24_0005,7328,3,False
2024-02-24_0105,7329,0,False
2024-02-24_0205,7330,0,False
2024-02-24_0305,7331,1,False
2024-02-24_0405,7332,0,False
2024-02-24_0505,7333,0,False
2024-02-24_0605,7334,0,False
2024-02-24_0705,7335,0,False
2024-02-24_0805,7336,0,False
2024-02-24_0905,7337,1,False
2024-02-24_1005,7338,1,False
2024-02-24_1105,7339,7,False
2024-02-24_1205,7340,4,False
2024-02-24_1305,7341,3,False
2024-02-24_1405,7342,12,False
2024-02-24_1505,7343,0,False
2024-02-24_1605,7344,9,False
2024-02-24_1705,7345,5,False
2024-02-24_1805,7346,0,False
2024-02-24_1905,7347,6,False
2024-02-24_2005,7348,8,False
2024-02-24_2105,7349,9,False
2024-02-24_2205,7350,5,False
2024-02-24_2305,7351,7,False
2024-02-25_0005,7352,2,False
2024-02-25_0105,7353,6,False
2024-02-25_0205,7354,7,False
2024-02-25_0305,7355,3,False
2024-02-25_0405,7356,8,False
2024-02-25_0505,7357,4,False
2024-02-25_0605,7358,10,False
2024-02-25_0705,7359,1,False
2024-02-25_0805,7360,0,False
2024-02-25_0905,7361,3,False
2024-02-25_1005,7362,2,False
2024-02-25_1105,7363,13,False
2024-02-25_1205,7364,9,False
2024-02-25_1305,7365,3,False
2024-02-25_1405,7366,6,False
2024-02-25_1505,7367,8,False
2024-02-25_1605,7368,3,False
2024-02-25_1705,7369,5,False
2024-02-25_1805,7370,3,False
2024-02-25_1905,7371,7,False
2024-02-25_2005,7372,11,False
2024-02-25_2105,7373,8,False
2024-02-25_2205,7374,14,False
2024-02-25_2305,7375,12,False
2024-02-26_0005,7376,3,False
2024-02-26_0105,7377,7,False
2024-02-26_0205,7378,10,False
2024-02-26_0305,7379,0,False
2024-02-26_0405,7380,0,False
2024-02-26_0505,7381,3,False
2024-02-26_0605,7382,16,False
2024-02-26_0705,7383,6,False
2024-02-26_0805,7384,10,False
2024-02-26_0905,7385,7,False
2024-02-26_1005,7386,15,False
2024-02-26_1105,7387,5,False
2024-02-26_1205,7388,14,False
2024-02-26_1305,7389,9,False
2024-02-26_1405,7390,59,False
2024-02-26_1505,7391,16,False
2024-02-26_1605,7392,13,False
2024-02-26_1705,7393,0,False
2024-02-26_1805,7394,9,False
2024-02-26_1905,7395,16,False
2024-02-26_2005,7396,6,False
2024-02-26_2105,7397,0,False
2024-02-26_2205,7398,8,False
2024-02-26_2305,7399,0,False
2024-02-27_0005,7400,6,False
2024-02-27_0105,7401,20,False
2024-02-27_0205,7402,13,False
2024-02-27_0305,7403,13,False
2024-02-27_0405,7404,0,False
2024-02-27_0505,7405,2,False
2024-02-27_0605,7406,8,False
2024-02-27_0705,7407,9,False
2024-02-27_0805,7408,7,False
2024-02-27_0905,7409,25,False
2024-02-27_1005,7410,26,False
2024-02-27_1105,7411,16,False
2024-02-27_1205,7412,0,False
2024-02-27_1305,7413,9,False
2024-02-27_1405,7414,3,False
2024-02-27_1505,7415,9,False
2024-02-27_1605,7416,26,False
2024-02-27_1705,7417,3,False
2024-02-27_1805,7418,10,False
2024-02-27_1905,7419,4,False
2024-02-27_2005,7420,0,False
2024-02-27_2105,7421,0,False
2024-02-27_2205,7422,11,False
2024-02-27_2305,7423,7,False
2024-02-28_0005,7424,19,False
2024-02-28_0105,7425,8,False
2024-02-28_0205,7426,10,False
2024-02-28_0305,7427,12,False
2024-02-28_0405,7428,0,False
2024-02-28_0505,7429,18,False
2024-02-28_0605,7430,6,False
2024-02-28_0705,7431,14,False
2024-02-28_0805,7432,24,False
2024-02-28_0905,7433,20,False
2024-02-28_1005,7434,21,False
2024-02-28_1105,7435,6,False
2024-02-28_1205,7436,12,False
2024-02-28_1305,7437,53,False
2024-02-28_1405,7438,60,False
2024-02-28_1505,7439,88,False
2024-02-28_1605,7440,62,False
2024-02-28_1705,7441,52,False
2024-02-28_1805,7442,100,False
2024-02-28_1905,7443,33,False
2024-02-28_2005,7444,11,False
2024-02-28_2105,7445,0,False
2024-02-28_2205,7446,5,False
2024-02-28_2305,7447,8,False
2024-02-29_0005,7448,8,False
2024-02-29_0105,7449,12,False
2024-02-29_0205,7450,12,False
2024-02-29_0305,7451,12,False
2024-02-29_0405,7452,7,False
2024-02-29_0505,7453,14,False
2024-02-29_0605,7454,6,False
2024-02-29_0705,7455,4,False
2024-02-29_0805,7456,6,False
2024-02-29_0905,7457,11,False
2024-02-29_1005,7458,10,False
2024-02-29_1105,7459,39,False
2024-02-29_1205,7460,22,False
2024-02-29_1305,7461,27,False
2024-02-29_1405,7462,0,False
2024-02-29_1505,7463,55,False
2024-02-29_1605,7464,58,False
2024-02-29_1705,7465,34,False
2024-02-29_1805,7466,56,False
2024-02-29_1905,7467,52,False
2024-02-29_2005,7468,55,False
2024-02-29_2105,7469,54,False
2024-02-29_2205,7470,37,False
2024-02-29_2305,7471,50,False
2024-03-01_0005,7472,12,False
2024-03-01_0105,7473,1,False
2024-03-01_0205,7474,2,False
2024-03-01_0305,7475,3,False
2024-03-01_0405,7476,10,False
2024-03-01_0505,7477,7,False
2024-03-01_0605,7478,7,False
2024-03-01_0705,7479,3,False
2024-03-01_0805,7480,11,False
2024-03-01_0905,7481,15,False
2024-03-01_1005,7482,10,False
2024-03-01_1105,7483,30,False
2024-03-01_1205,7484,6,False
2024-03-01_1305,7485,32,False
2024-03-01_1405,7486,3,False
2024-03-01_1505,7487,15,False
2024-03-01_1605,7488,5,False
2024-03-01_1705,7489,8,False
2024-03-01_1805,7490,0,False
2024-03-01_1905,7491,29,False
2024-03-01_2005,7492,30,False
2024-03-01_2105,7493,8,False
2024-03-01_2205,7494,41,False
2024-03-01_2305,7495,39,False
2024-03-02_0005,7496,4,False
2024-03-02_0105,7497,25,False
2024-03-02_0205,7498,23,False
2024-03-02_0305,7499,25,False
2024-03-02_0405,7500,48,False
2024-03-02_0505,7501,24,False
2024-03-02_0605,7502,19,False
2024-03-02_0705,7503,14,False
2024-03-02_0805,7504,9,False
2024-03-02_0905,7505,7,False
2024-03-02_1005,7506,48,False
2024-03-02_1105,7507,26,False
2024-03-02_1205,7508,43,False
2024-03-02_1305,7509,20,False
2024-03-02_1405,7510,12,False
2024-03-02_1505,7511,15,False
2024-03-02_1605,7512,28,False
2024-03-02_1705,7513,9,False
2024-03-02_1805,7514,39,False
2024-03-02_1905,7515,17,False
2024-03-02_2005,7516,21,False
2024-03-02_2105,7517,19,False
2024-03-02_2205,7518,0,False
2024-03-02_2305,7519,15,False
2024-03-03_0005,7520,14,False
2024-03-03_0105,7521,3,False
2024-03-03_0205,7522,5,False
2024-03-03_0305,7523,6,False
2024-03-03_0405,7524,4,False
2024-03-03_0505,7525,3,False
2024-03-03_0605,7526,6,False
2024-03-03_0705,7527,4,False
2024-03-03_0805,7528,131,False
2024-03-03_0905,7529,4,False
2024-03-03_1005,7530,20,False
2024-03-03_1105,7531,5,False
2024-03-03_1205,7532,20,False
2024-03-03_1305,7533,13,False
2024-03-03_1405,7534,20,False
2024-03-03_1505,7535,21,False
2024-03-03_1605,7536,23,False
2024-03-03_1705,7537,35,False
2024-03-03_1805,7538,12,False
2024-03-03_1905,7539,34,False
2024-03-03_2005,7540,31,False
2024-03-03_2105,7541,29,False
2024-03-03_2205,7542,17,False
2024-03-03_2305,7543,34,False
2024-03-04_0005,7544,9,False
2024-03-04_0105,7545,3,False
2024-03-04_0205,7546,4,False
2024-03-04_0305,7547,0,False
2024-03-04_0405,7548,6,False
2024-03-04_0505,7549,1,False
2024-03-04_0605,7550,14,False
2024-03-04_0705,7551,6,False
2024-03-04_0805,7552,18,False
2024-03-04_0905,7553,0,False
2024-03-04_1005,7554,15,False
2024-03-04_1105,7555,24,False
2024-03-04_1205,7556,43,False
2024-03-04_1305,7557,35,False
2024-03-04_1405,7558,48,False
2024-03-04_1505,7559,30,False
2024-03-04_1605,7560,47,False
2024-03-04_1705,7561,16,False
2024-03-04_1805,7562,36,False
2024-03-04_1905,7563,29,False
2024-03-04_2005,7564,15,False
2024-03-04_2105,7565,9,False
2024-03-04_2205,7566,7,False
2024-03-04_2305,7567,4,False
2024-03-05_0005,7568,5,False
2024-03-05_0105,7569,12,False
2024-03-05_0205,7570,5,False
2024-03-05_0305,7571,7,False
2024-03-05_0405,7572,4,False
2024-03-05_0505,7573,0,False
2024-03-05_0605,7574,8,False
2024-03-05_0705,7575,6,False
2024-03-05_0805,7576,0,False
2024-03-05_0905,7577,2,False
2024-03-05_1005,7578,0,False
2024-03-05_1105,7579,15,False
2024-03-05_1205,7580,14,False
2024-03-05_1305,7581,19,False
2024-03-05_1405,7582,18,False
2024-03-05_1505,7583,34,False
2024-03-05_1605,7584,207,False
2024-03-05_1705,7585,30,False
2024-03-05_1805,7586,58,False
2024-03-05_1905,7587,59,False
2024-03-05_2005,7588,51,False
2024-03-05_2105,7589,45,False
2024-03-05_2205,7590,38,False
2024-03-05_2305,7591,30,False
2024-03-06_0005,7592,9,False
2024-03-06_0105,7593,1,False
2024-03-06_0205,7594,4,False
2024-03-06_0305,7595,7,False
2024-03-06_0405,7596,7,False
2024-03-06_0505,7597,7,False
2024-03-06_0605,7598,10,False
2024-03-06_0705,7599,23,False
2024-03-06_0805,7600,11,False
2024-03-06_0905,7601,14,False
2024-03-06_1005,7602,30,False
2024-03-06_1105,7603,65,False
2024-03-06_1205,7604,23,False
2024-03-06_1305,7605,34,False
2024-03-06_1405,7606,28,False
2024-03-06_1505,7607,12,False
2024-03-06_1605,7608,9,False
2024-03-06_1705,7609,9,False
2024-03-06_1805,7610,13,False
2024-03-06_1905,7611,8,False
2024-03-06_2005,7612,42,False
2024-03-06_2105,7613,15,False
2024-03-06_2205,7614,20,False
2024-03-06_2305,7615,27,False
2024-03-07_0005,7616,6,False
2024-03-07_0105,7617,7,False
2024-03-07_0205,7618,12,False
2024-03-07_0305,7619,8,False
2024-03-07_0405,7620,11,False
2024-03-07_0505,7621,6,False
2024-03-07_0605,7622,32,False
2024-03-07_0705,7623,39,False
2024-03-07_0805,7624,65,False
2024-03-07_0905,7625,9,False
2024-03-07_1005,7626,15,False
2024-03-07_1105,7627,74,False
2024-03-07_1205,7628,139,False
2024-03-07_1305,7629,188,False
2024-03-07_1405,7630,14,False
2024-03-07_1505,7631,80,False
2024-03-07_1605,7632,47,False
2024-03-07_1705,7633,24,False
2024-03-07_1805,7634,14,False
2024-03-07_1905,7635,24,False
2024-03-07_2005,7636,39,False
2024-03-07_2105,7637,80,False
2024-03-07_2205,7638,42,False
2024-03-07_2305,7639,34,False
2024-03-08_0005,7640,14,False
2024-03-08_0105,7641,0,False
2024-03-08_0205,7642,62,False
2024-03-08_0305,7643,142,False
2024-03-08_0405,7644,221,False
2024-03-08_0505,7645,834,False
2024-03-08_0605,7646,1251,False
2024-03-08_0705,7647,2037,False
2024-03-08_0805,7648,0,False
2024-03-08_0905,7649,88,False
2024-03-08_1005,7650,2364,False
2024-03-08_1105,7651,2403,False
2024-03-08_1205,7652,2140,False
2024-03-08_1305,7653,2429,False
2024-03-08_1405,7654,2436,False
2024-03-08_1505,7655,2089,False
2024-03-08_1605,7656,2184,False
2024-03-08_1705,7657,2274,False
2024-03-08_1805,7658,2687,False
2024-03-08_1905,7659,3316,False
2024-03-08_2005,7660,4258,False
2024-03-08_2105,7661,3366,False
2024-03-08_2205,7662,2427,False
2024-03-08_2305,7663,1795,False
2024-03-09_0005,7664,323,False
2024-03-09_0105,7665,2873,False
2024-03-09_0205,7666,5346,False
2024-03-09_0305,7667,8634,False
2024-03-09_0405,7668,13167,False
2024-03-09_0505,7669,18696,False
2024-03-09_0605,7670,30220,False
2024-03-09_0705,7671,32306,False
2024-03-09_0805,7672,38921,False
2024-03-09_0905,7673,18506,False
2024-03-09_1005,7674,26109,False
2024-03-09_1105,7675,20615,False
2024-03-09_1205,7676,0,False
2024-03-09_1305,7677,29094,False
2024-03-09_1405,7678,35639,False
2024-03-09_1505,7679,41221,False
2024-03-09_1605,7680,43302,False
2024-03-09_1705,7681,46811,False
2024-03-09_1805,7682,47081,False
2024-03-09_1905,7683,47123,False
2024-03-09_2005,7684,51120,False
2024-03-09_2105,7685,50141,False
2024-03-09_2205,7686,41852,False
2024-03-09_2305,7687,31093,False
2024-03-10_0005,7688,13398,False
2024-03-10_0105,7689,43578,False
2024-03-10_0305,7690,61273,False
2024-03-10_0405,7691,68419,False
2024-03-10_0505,7692,77788,False
2024-03-10_0605,7693,80958,False
2024-03-10_0705,7694,85784,False
2024-03-10_0805,7695,90914,False
2024-03-10_0905,7696,75856,False
2024-03-10_1005,7697,81367,False
2024-03-10_1105,7698,75384,False
2024-03-10_1205,7699,74679,False
2024-03-10_1305,7700,71109,False
2024-03-10_1405,7701,65201,False
2024-03-10_1505,7702,62128,False
2024-03-10_1605,7703,60984,False
2024-03-10_1705,7704,64230,False
2024-03-10_1805,7705,70947,False
2024-03-10_1905,7706,81225,False
2024-03-10_2005,7707,0,False
2024-03-10_2105,7708,88925,False
2024-03-10_2205,7709,90100,False
2024-03-10_2305,7710,90141,False
2024-03-11_0005,7711,85485,False
2024-03-11_0105,7712,94855,False
2024-03-11_0205,7713,102426,True
2024-03-11_0305,7714,108575,True
2024-03-11_0405,7715,109674,True
2024-03-11_0505,7716,114813,True
2024-03-11_0605,7717,118975,True
2024-03-11_0705,7718,125779,True
